Model,Category,Coverage (PICP),Interval Width
MLP,Miscellaneous,0.7538461538461538,0.48105896
RNN,Miscellaneous,0.8615384615384616,1.1034127
LSTM,Miscellaneous,0.9384615384615385,0.3705836
GRU,Miscellaneous,0.9538461538461539,0.7722517
TCN,Miscellaneous,1.0,0.30982965
