{"Actual": [0.0287616643152397, 0.0185729240536251, 0.0, 0.0226974301256799, 0.0339127436464312, 0.021865012815239, 0.1026397725734398, 0.0365585569307676, 0.031939859194145, 0.0, 0.0024148384113446, 0.0655227338546191, 0.0201544905619322, 0.0498915401301518, 0.0977807894291038, 0.0230291477063091, 0.0, 0.0010728654447921, 0.0270430906389301, 0.0136759220886862, 0.0670328951670917, 0.0085034636953414, 0.0610137468238973, 0.0, 0.0012874155133569, 0.0120551217677896, 0.0452180997743795, 0.0533958690358077, 0.0328597765968983, 0.4630021141649049], "Seasonal Naive (s=7)": [0.0170088309623193, 0.0506830967050629, 0.0, 0.0006002658320113, 0.105581037577277, 0.015360641139804, 0.0503970223325062, 0.0170088309623193, 0.0506830967050629, 0.0, 0.0006002658320113, 0.105581037577277, 0.015360641139804, 0.0503970223325062, 0.0170088309623193, 0.0506830967050629, 0.0, 0.0006002658320113, 0.105581037577277, 0.015360641139804, 0.0503970223325062, 0.0170088309623193, 0.0506830967050629, 0.0, 0.0006002658320113, 0.105581037577277, 0.015360641139804, 0.0503970223325062, 0.0170088309623193, 0.0506830967050629], "Moving Average (SMA-7)": [0.03423298493556868, 0.03591196112884302, 0.03132479360720904, 0.03132479360720904, 0.034481531363447414, 0.024243203659040872, 0.025172399612674444, 0.03263564964709353, 0.033749491449311796, 0.03565905361224321, 0.03565905361224321, 0.032761540510195315, 0.0372772533970793, 0.037032893075178326, 0.02949743129756575, 0.03824346451161378, 0.03697050572763722, 0.03697050572763722, 0.036778795303844015, 0.03128170341588844, 0.030356193633996158, 0.03280495863927329, 0.020051054963021515, 0.025477426265534113, 0.025477426265534113, 0.025508076275329084, 0.02336693786516616, 0.02787296324883663, 0.0259248166586532, 0.029404289930304188], "Weighted MA": [0.03905800995547296, 0.03769017980039071, 0.03335542053158623, 0.02552422212978397, 0.023367381259401687, 0.023225184330147634, 0.022630636619197165, 0.04199747985938851, 0.04297820668030702, 0.04252579861651532, 0.03361103521345452, 0.025299981413229863, 0.03349027974933581, 0.029209589040549037, 0.032424250804292405, 0.04949509033717692, 0.045691511135850744, 0.036448884703941434, 0.027474474633230155, 0.025040548467001676, 0.020639103135201113, 0.029808278518475, 0.023732904782492025, 0.033973577747710974, 0.027604221181327444, 0.021556718493283143, 0.01819347986639827, 0.02365627034370161, 0.030036996790444376, 0.03177073677500565], "AR(2)": [0.045628493669122916, 0.04594428659265452, 0.044616325423931576, 0.04330286359757226, 0.04360163638959464, 0.04497012121842103, 0.04480812196425815, 0.04815041852942157, 0.04818918529602257, 0.04542453884609782, 0.04371244015264658, 0.042526412844632176, 0.0455809600317408, 0.045862801827673084, 0.04549954272138853, 0.04891979269445004, 0.04726671372314577, 0.043297633247000526, 0.04239899214426546, 0.043616580593277894, 0.04393078344318099, 0.04594060038928234, 0.04520988247080953, 0.04541926776930302, 0.04456121760574257, 0.04219064317564109, 0.04268136022691863, 0.04465218841745581, 0.04633195509193195, 0.045671671468092284], "MA(2)": [0.04555719698606676, 0.046014173456248676, 0.04470298309774633, 0.0433945878815016, 0.0437967018352774, 0.045242980696249394, 0.04500038254455058, 0.04835636625889601, 0.048312387174074496, 0.04530748637010694, 0.04369483994413065, 0.04265218511296096, 0.045881861221090205, 0.04611100405847838, 0.04556286559237633, 0.04909466823868478, 0.04730583679470528, 0.043137287765672154, 0.042463133775953045, 0.04390011487101552, 0.04420109770267439, 0.046164935569396194, 0.04536042922011666, 0.04548331444567284, 0.04467468565944216, 0.04223757370964963, 0.042885445507825706, 0.04497036770108825, 0.046585792832026046, 0.04575730499994841], "ARMA(2,2)": [0.04562307660286061, 0.046014662549886835, 0.04468813634263073, 0.043376954682993685, 0.04372247490666271, 0.04513859843857238, 0.044941309344620116, 0.048283606994359435, 0.04830075359953458, 0.04539900856200404, 0.043734476723823995, 0.04260961207886554, 0.045755481619067215, 0.046030731714974904, 0.045564074727074445, 0.0490456394837662, 0.04733275033889784, 0.043247535534805766, 0.042450325934683, 0.04377725397895855, 0.04409672464323495, 0.046081889895200116, 0.045327640386601316, 0.04547700704055678, 0.04465561160083483, 0.042234877623462085, 0.04375452259480408, 0.04483589326838007, 0.04649455227968324, 0.04575440272067341], "ARIMA_Optimal (Rolling)": [0.08409910825677361, 0.09377115114974036, 0.060146873868579934, 0.06704180687680526, 0.09283535442627404, 0.07256425220825795, 0.06499568854571221, 0.0897251340305808, 0.08317044786589835, 0.0677288962159303, 0.07758006611567464, 0.07383730068645562, 0.0700480719501744, 0.06935145987383114, 0.07953303465672475, 0.08281893690437354, 0.06936110207256939, 0.07418357488632389, 0.08299037725494597, 0.06689884500415723, 0.0685914088744332, 0.08237441704450225, 0.07582273742573731, 0.07066558224169003, 0.07875901621718155, 0.07120559475758449, 0.07014823442198766, 0.07318272967318963, 0.07680469143435982, 0.07730469068976337], "SARIMA_Optimal": [0.04592027568169522, 0.060111756574481416, -0.00041263607966683956, 0.009950050792388575, 0.06299563033472075, 0.08233457250934331, 0.05788413848326177, 0.05209099083867172, 0.06090483566807141, 0.00015790793469346655, 0.010032449897624281, 0.06304855839542026, 0.08234301066708931, 0.05788906387124943, 0.05209184537900059, 0.06090529535708679, 0.00015799371775897277, 0.010032492917330623, 0.06304856694624256, 0.08234301470318262, 0.05788906471871222, 0.05209184575854089, 0.06090529544068162, 0.00015799375352517167, 0.01003249292554416, 0.06304856694961951, 0.08234301470398697, 0.05788906471903162, 0.05209184575861944, 0.06090529544071188]}