{"Actual": [0.0287616643152397, 0.0185729240536251, 0.0, 0.0226974301256799, 0.0339127436464312, 0.021865012815239, 0.1026397725734398, 0.0365585569307676, 0.031939859194145, 0.0, 0.0024148384113446, 0.0655227338546191, 0.0201544905619322, 0.0498915401301518, 0.0977807894291038, 0.0230291477063091, 0.0, 0.0010728654447921, 0.0270430906389301, 0.0136759220886862, 0.0670328951670917, 0.0085034636953414, 0.0610137468238973, 0.0, 0.0012874155133569, 0.0120551217677896, 0.0452180997743795, 0.0533958690358077, 0.0328597765968983, 0.4630021141649049], "Naive Baseline": [0.0503970223325062, 0.0503970223325062, 0.0503970223325062, 0.0503970223325062, 0.0503970223325062, 0.0503970223325062, 0.0503970223325062, 0.0503970223325062, 0.0503970223325062, 0.0503970223325062, 0.0503970223325062, 0.0503970223325062, 0.0503970223325062, 0.0503970223325062, 0.0503970223325062, 0.0503970223325062, 0.0503970223325062, 0.0503970223325062, 0.0503970223325062, 0.0503970223325062, 0.0503970223325062, 0.0503970223325062, 0.0503970223325062, 0.0503970223325062, 0.0503970223325062, 0.0503970223325062, 0.0503970223325062, 0.0503970223325062, 0.0503970223325062, 0.0503970223325062], "Moving Average (SMA-7)": [0.03423298493556866, 0.03423298493556866, 0.03423298493556866, 0.03423298493556866, 0.03423298493556866, 0.03423298493556866, 0.03423298493556866, 0.03423298493556866, 0.03423298493556866, 0.03423298493556866, 0.03423298493556866, 0.03423298493556866, 0.03423298493556866, 0.03423298493556866, 0.03423298493556866, 0.03423298493556866, 0.03423298493556866, 0.03423298493556866, 0.03423298493556866, 0.03423298493556866, 0.03423298493556866, 0.03423298493556866, 0.03423298493556866, 0.03423298493556866, 0.03423298493556866, 0.03423298493556866, 0.03423298493556866, 0.03423298493556866, 0.03423298493556866, 0.03423298493556866], "Weighted MA": [0.03905800995547296, 0.03905800995547296, 0.03905800995547296, 0.03905800995547296, 0.03905800995547296, 0.03905800995547296, 0.03905800995547296, 0.03905800995547296, 0.03905800995547296, 0.03905800995547296, 0.03905800995547296, 0.03905800995547296, 0.03905800995547296, 0.03905800995547296, 0.03905800995547296, 0.03905800995547296, 0.03905800995547296, 0.03905800995547296, 0.03905800995547296, 0.03905800995547296, 0.03905800995547296, 0.03905800995547296, 0.03905800995547296, 0.03905800995547296, 0.03905800995547296, 0.03905800995547296, 0.03905800995547296, 0.03905800995547296, 0.03905800995547296, 0.03905800995547296], "AR(2)": [0.045628493669122916, 0.04673821040563802, 0.04660822765932322, 0.04664433799538358, 0.04664106269230265, 0.04664228133686754, 0.046642212913586105, 0.04664225596442962, 0.04664225533891343, 0.04664225694163311, 0.04664225699116713, 0.04664225705416159, 0.04664225705891709, 0.04664225706152141, 0.04664225706182062, 0.046642257061932965, 0.04664225706194944, 0.046642257061954455, 0.04664225706195531, 0.04664225706195553, 0.04664225706195558, 0.046642257061955586, 0.046642257061955586, 0.046642257061955586, 0.046642257061955586, 0.046642257061955586, 0.046642257061955586, 0.046642257061955586, 0.046642257061955586, 0.046642257061955586], "MA(2)": [0.04555719698606676, 0.04682282795542972, 0.04671520992834575, 0.04671520992834575, 0.04671520992834575, 0.04671520992834575, 0.04671520992834575, 0.04671520992834575, 0.04671520992834575, 0.04671520992834575, 0.04671520992834575, 0.04671520992834575, 0.04671520992834575, 0.04671520992834575, 0.04671520992834575, 0.04671520992834575, 0.04671520992834575, 0.04671520992834575, 0.04671520992834575, 0.04671520992834575, 0.04671520992834575, 0.04671520992834575, 0.04671520992834575, 0.04671520992834575, 0.04671520992834575, 0.04671520992834575, 0.04671520992834575, 0.04671520992834575, 0.04671520992834575, 0.04671520992834575], "ARMA(2,2)": [0.04562307660286061, 0.04681677966829941, 0.04669668888257979, 0.04671714653426116, 0.04671527780385637, 0.04671563268846145, 0.04671560443542696, 0.04671561068586497, 0.046715610278721495, 0.046715610390853334, 0.046715610385484906, 0.046715610387540296, 0.04671561038748256, 0.04671561038752115, 0.0467156103875209, 0.046715610387521644, 0.04671561038752166, 0.04671561038752167, 0.04671561038752167, 0.04671561038752167, 0.04671561038752167, 0.04671561038752167, 0.04671561038752167, 0.04671561038752167, 0.04671561038752167, 0.04671561038752167, 0.04671561038752167, 0.04671561038752167, 0.04671561038752167, 0.04671561038752167], "ARIMA_Optimal": [0.046711703298572924, 0.046711703298572924, 0.046711703298572924, 0.046711703298572924, 0.046711703298572924, 0.046711703298572924, 0.046711703298572924, 0.046711703298572924, 0.046711703298572924, 0.046711703298572924, 0.046711703298572924, 0.046711703298572924, 0.046711703298572924, 0.046711703298572924, 0.046711703298572924, 0.046711703298572924, 0.046711703298572924, 0.046711703298572924, 0.046711703298572924, 0.046711703298572924, 0.046711703298572924, 0.046711703298572924, 0.046711703298572924, 0.046711703298572924, 0.046711703298572924, 0.046711703298572924, 0.046711703298572924, 0.046711703298572924, 0.046711703298572924, 0.046711703298572924], "SARIMA_Optimal": [0.04592027568169522, 0.060111756574481416, -0.00041263607966683956, 0.009950050792388575, 0.06299563033472075, 0.08233457250934331, 0.05788413848326177, 0.05209099083867172, 0.06090483566807141, 0.00015790793469346655, 0.010032449897624281, 0.06304855839542026, 0.08234301066708931, 0.05788906387124943, 0.05209184537900059, 0.06090529535708679, 0.00015799371775897277, 0.010032492917330623, 0.06304856694624256, 0.08234301470318262, 0.05788906471871222, 0.05209184575854089, 0.06090529544068162, 0.00015799375352517167, 0.01003249292554416, 0.06304856694961951, 0.08234301470398697, 0.05788906471903162, 0.05209184575861944, 0.06090529544071188]}