Model,RMSE,MAE,MAPE (%),NMSE,OMC (Cost)
SARIMA_Optimal,0.07989332470129398,0.0368046049811723,82.28158572707936,0.9424980785308712,81.07830095016976
Seasonal Naive (s=7),0.0828155223282337,0.035389105158746464,79.11704775567122,1.012705049499543,87.5176460720945
"ARMA(2,2)",0.08221210722385836,0.04056710002336345,90.69314342536555,0.9980011568525683,90.9797825087535
MA(2),0.08221136692548849,0.040596702119682464,90.75932284577287,0.9979831834584281,91.0448771051925
AR(2),0.08221733622159035,0.04057717127479152,90.71565904639127,0.9981281141079276,91.0984966906366
Moving Average (SMA-7),0.08435795656207495,0.03724102388546736,83.25725818722508,1.0507794891694868,93.90352203011987
Weighted MA,0.0846994662776823,0.03907420230626712,87.35557217432614,1.059304536372353,98.17674097774125
ARIMA_Optimal (Rolling),0.08799473727252646,0.06029390752402686,134.7950432641973,1.1433333788825966,112.52032439980267
