Model,RMSE,MAE,MAPE (%),NMSE,OMC (Cost)
SARIMA_Optimal,0.07989332470129398,0.0368046049811723,194.94282348969924,0.9424980785308712,81.07830095016976
Moving Average (SMA-7),0.08296117235501958,0.03615134002213698,324.4304168311265,1.0162703285710029,89.21332345962931
Weighted MA,0.08248963364053996,0.03792631189708543,373.93632844705394,1.0047505076719663,89.5882414133351
AR(2),0.08230994089980057,0.0410232583098132,452.6484668003045,1.0003778437057362,90.89195990672499
MA(2),0.08231141626789398,0.04105398606599246,453.39969268174605,1.0004137066589465,90.90886818660121
"ARMA(2,2)",0.08231145392021616,0.04105555097738323,453.4115577412644,1.0004146219124923,90.91105566762084
ARIMA_Optimal,0.08231825054937886,0.04108736280260498,453.4953309966713,1.000579841395141,90.9603359434291
Naive Baseline,0.08248928357474564,0.04284087716526415,492.3861953605137,1.0047419798601016,92.14175398396225
