Category,Quantity,IsReturn,ReturnRate
Decor,255708,426,0.0016659627387488854
Gifts,195744,273,0.001394678764100049
Holiday,560389,484,0.0008636857611409218
Kitchenware,352214,797,0.0022628288483705927
Luggage/Storage,1090047,1268,0.0011632525936955012
Others,7189773,18241,0.0025370759271537502
Valentine/Gifts,964617,1462,0.0015156274459189503
