IsReturn,count,mean,std,min,25%,50%,75%,max
False,1044420.0,11.176125505065013,129.45611023544853,1.0,1.0,3.0,10.0,80995.0
True,22951.0,-46.362990719358635,788.2333848377251,-80995.0,-11.0,-2.0,-1.0,1.0
